0906_11:27:38,83.6794
0906_11:27:38,83.6755
0906_11:27:38,83.6737
0906_11:27:38,83.674
0906_11:27:39,83.6723
0906_11:27:39,83.6771
0906_11:27:39,83.6798
0906_11:27:39,83.682
0906_11:27:39,83.6828
0906_11:27:39,83.6812
0906_11:27:39,83.6828
0906_11:27:39,83.6829
0906_11:27:40,83.6819
0906_11:27:40,83.6835
0906_11:27:40,83.6826
0906_11:27:40,83.6842
0906_11:27:40,83.6853
0906_11:27:40,83.6855
0906_11:27:40,83.6842
0906_11:27:41,83.6843
0906_11:27:41,83.6847
0906_11:27:41,83.6826
0906_11:27:41,83.6845
0906_11:27:41,83.6821
0906_11:27:41,83.6841
0906_11:27:41,83.6833
0906_11:27:41,83.6851
0906_11:27:42,83.6837
0906_11:27:42,83.683
0906_11:27:42,83.6844
0906_11:27:42,83.6842
0906_11:27:42,83.6835
0906_11:27:42,83.6848
0906_11:27:42,83.6834
0906_11:27:42,83.6855
0906_11:27:43,83.6835
0906_11:27:43,83.6822
0906_11:27:43,83.684
0906_11:27:43,83.685
0906_11:27:43,83.6832
0906_11:27:43,83.6833
0906_11:27:43,83.6832
0906_11:27:43,83.6814
0906_11:27:44,83.6826
0906_11:27:44,83.6818
0906_11:27:44,83.6821
0906_11:27:44,83.682
0906_11:27:44,83.6808
0906_11:27:44,83.6818
0906_11:27:44,83.6823
0906_11:27:44,83.682
0906_11:27:45,83.6808
0906_11:27:45,83.6797
0906_11:27:45,83.6795
0906_11:27:45,83.6794
0906_11:27:45,83.6801
0906_11:27:45,83.6824
0906_11:27:45,83.679
0906_11:27:45,83.6808
0906_11:27:46,83.681
0906_11:27:46,83.6815
0906_11:27:46,83.6808
0906_11:27:46,83.6809
0906_11:27:46,83.681
0906_11:27:46,83.6807
0906_11:27:46,83.6817
0906_11:27:46,83.6821
0906_11:27:47,83.6809
0906_11:27:47,83.6813
0906_11:27:47,83.6791
0906_11:27:47,83.6803
0906_11:27:47,83.683
0906_11:27:47,83.6825
0906_11:27:47,83.6835
0906_11:27:47,83.6833
0906_11:27:48,83.6856
0906_11:27:48,83.6846
0906_11:27:48,83.6849
0906_11:27:48,83.6866
0906_11:27:48,83.684
0906_11:27:48,83.6859
0906_11:27:48,83.6845
0906_11:27:48,83.681
0906_11:27:49,83.6825
0906_11:27:49,83.6839
0906_11:27:49,83.6848
0906_11:27:49,83.6841
0906_11:27:49,83.684
0906_11:27:49,83.6844
0906_11:27:49,83.6882
0906_11:27:49,83.6862
0906_11:27:50,83.6843
0906_11:27:50,83.6866
0906_11:27:50,83.6865
0906_11:27:50,83.6866
0906_11:27:50,83.6876
0906_11:27:50,83.6873
0906_11:27:50,83.6881
0906_11:27:50,83.6902
0906_11:27:51,83.6893
0906_11:27:51,83.6887
0906_11:27:51,83.6892
0906_11:27:51,83.6895
0906_11:27:51,83.6886
0906_11:27:51,83.6871
0906_11:27:51,83.6871
0906_11:27:51,83.6879
0906_11:27:52,83.6885
0906_11:27:52,83.6902
0906_11:27:52,83.6922
0906_11:27:52,83.6887
0906_11:27:52,83.6894
0906_11:27:52,83.6917
0906_11:27:52,83.6914
0906_11:27:52,83.6868
0906_11:27:53,83.6877
0906_11:27:53,83.6887
0906_11:27:53,83.688
0906_11:27:53,83.6915
0906_11:27:53,83.69
0906_11:27:53,83.6914
0906_11:27:53,83.6904
0906_11:27:53,83.6904
0906_11:27:54,83.6903
0906_11:27:54,83.6887
0906_11:27:54,83.69
0906_11:27:54,83.6885
0906_11:27:54,83.6908
0906_11:27:54,83.692
0906_11:27:54,83.6893
0906_11:27:54,83.692
0906_11:27:55,83.694
0906_11:27:55,83.6914
0906_11:27:55,83.6901
0906_11:27:55,83.6897
0906_11:27:55,83.6912
0906_11:27:55,83.691
0906_11:27:55,83.6907
0906_11:27:55,83.6918
0906_11:27:56,83.6906
0906_11:27:56,83.6901
0906_11:27:56,83.6901
0906_11:27:56,83.6911
0906_11:27:56,83.6876
0906_11:27:56,83.6901
0906_11:27:56,83.6921
0906_11:27:56,83.691
0906_11:27:57,83.6913
0906_11:27:57,83.692
0906_11:27:57,83.6901
0906_11:27:57,83.6925
0906_11:27:57,83.69
0906_11:27:57,83.6911
0906_11:27:57,83.6911
0906_11:27:57,83.6925
0906_11:27:58,83.6911
0906_11:27:58,83.6925
0906_11:27:58,83.6905
0906_11:27:58,83.6911
0906_11:27:58,83.6913
0906_11:27:58,83.6904
0906_11:27:58,83.6905
0906_11:27:59,83.6904
0906_11:27:59,83.6914
0906_11:27:59,83.6916
0906_11:27:59,83.6909
0906_11:27:59,83.6889
0906_11:27:59,83.6906
0906_11:27:59,83.6911
0906_11:27:59,83.6919
0906_11:28:00,83.6924
0906_11:28:00,83.6932
0906_11:28:00,83.691
0906_11:28:00,83.693
0906_11:28:00,83.6889
0906_11:28:00,83.6898
0906_11:28:00,83.6895
0906_11:28:00,83.6924
0906_11:28:01,83.6919
0906_11:28:01,83.6921
0906_11:28:01,83.6906
0906_11:28:01,83.6915
0906_11:28:01,83.6911
0906_11:28:01,83.6918
0906_11:28:01,83.6934
0906_11:28:01,83.6923
0906_11:28:02,83.6923
0906_11:28:02,83.6927
0906_11:28:02,83.6942
0906_11:28:02,83.6944
0906_11:28:02,83.6936
0906_11:28:02,83.6936
0906_11:28:02,83.6923
0906_11:28:02,83.6918
0906_11:28:03,83.6923
0906_11:28:03,83.6933
0906_11:28:03,83.694
0906_11:28:03,83.6938
0906_11:28:03,83.693
0906_11:28:03,83.6936
0906_11:28:03,83.696
0906_11:28:03,83.6937
0906_11:28:04,83.6933
0906_11:28:04,83.6923
0906_11:28:04,83.6939
0906_11:28:04,83.6921
0906_11:28:04,83.6935
0906_11:28:04,83.6953
0906_11:28:04,83.6931
0906_11:28:04,83.6916
0906_11:28:05,83.6906
0906_11:28:05,83.6937
0906_11:28:05,83.6943
0906_11:28:05,83.6927
0906_11:28:05,83.6934
0906_11:28:05,83.6961
0906_11:28:05,83.6966
0906_11:28:05,83.6954
0906_11:28:06,83.6947
0906_11:28:06,83.6943
0906_11:28:06,83.6947
0906_11:28:06,83.6945
0906_11:28:06,83.6944
0906_11:28:06,83.6954
0906_11:28:06,83.6939
0906_11:28:06,83.6941
0906_11:28:07,83.6944
0906_11:28:07,83.6942
0906_11:28:07,83.6944
0906_11:28:07,83.6946
0906_11:28:07,83.6952
0906_11:28:07,83.6945
0906_11:28:07,83.6941
0906_11:28:07,83.6932
0906_11:28:08,83.6966
0906_11:28:08,83.6967
0906_11:28:08,83.6968
0906_11:28:08,83.6963
0906_11:28:08,83.6957
0906_11:28:08,83.6954
0906_11:28:08,83.6945
0906_11:28:08,83.6938
0906_11:28:09,83.6933
0906_11:28:09,83.6949
0906_11:28:09,83.6938
0906_11:28:09,83.6955
0906_11:28:09,83.6944
0906_11:28:09,83.6954
0906_11:28:09,83.6963
0906_11:28:09,83.6941
0906_11:28:10,83.6919
0906_11:28:10,83.692
0906_11:28:10,83.6964
0906_11:28:10,83.6926
0906_11:28:10,83.6946
0906_11:28:10,83.6949
0906_11:28:10,83.6925
0906_11:28:10,83.6944
0906_11:28:11,83.693
0906_11:28:11,83.6941
0906_11:28:11,83.694
0906_11:28:11,83.695
0906_11:28:11,83.6953
0906_11:28:11,83.6952
0906_11:28:11,83.6961
0906_11:28:11,83.6963
0906_11:28:12,83.6961
0906_11:28:12,83.6965
0906_11:28:12,83.6947
0906_11:28:12,83.6957
0906_11:28:12,83.6932
0906_11:28:12,83.6949
0906_11:28:12,83.6937
0906_11:28:12,83.6922
0906_11:28:13,83.6911
0906_11:28:13,83.6914
0906_11:28:13,83.6925
0906_11:28:13,83.6945
0906_11:28:13,83.6929
0906_11:28:13,83.6924
0906_11:28:13,83.692
0906_11:28:13,83.6925
0906_11:28:14,83.692
0906_11:28:14,83.6909
0906_11:28:14,83.6941
0906_11:28:14,83.6916
0906_11:28:14,83.6901
0906_11:28:14,83.6914
0906_11:28:14,83.6919
0906_11:28:14,83.6927
0906_11:28:15,83.6907
0906_11:28:15,83.6907
0906_11:28:15,83.6918
0906_11:28:15,83.6912
0906_11:28:15,83.6935
0906_11:28:15,83.6935
0906_11:28:15,83.6934
0906_11:28:16,83.6901
0906_11:28:16,83.6917
0906_11:28:16,83.6921
0906_11:28:16,83.6917
0906_11:28:16,83.6906
0906_11:28:16,83.6944
0906_11:28:16,83.6938
0906_11:28:16,83.691
0906_11:28:17,83.6925
0906_11:28:17,83.6898
0906_11:28:17,83.6914
0906_11:28:17,83.691
0906_11:28:17,83.6916
0906_11:28:17,83.6909
0906_11:28:17,83.6916
0906_11:28:17,83.6912
0906_11:28:18,83.6906
0906_11:28:18,83.6891
0906_11:28:18,83.6903
0906_11:28:18,83.6885
0906_11:28:18,83.6892
0906_11:28:18,83.6906
0906_11:28:18,83.6911
0906_11:28:18,83.6897
0906_11:28:19,83.6884
0906_11:28:19,83.6871
0906_11:28:19,83.6884
0906_11:28:19,83.6885
0906_11:28:19,83.6884
0906_11:28:19,83.6868
0906_11:28:19,83.6881
0906_11:28:19,83.688
0906_11:28:20,83.6889
0906_11:28:20,83.6887
0906_11:28:20,83.6879
0906_11:28:20,83.6892
0906_11:28:20,83.6877
0906_11:28:20,83.6868
0906_11:28:20,83.6881
0906_11:28:20,83.6864
0906_11:28:21,83.6867
0906_11:28:21,83.6854
0906_11:28:21,83.6863
0906_11:28:21,83.6856
0906_11:28:21,83.6861
0906_11:28:21,83.6851
0906_11:28:21,83.6867
0906_11:28:21,83.6853
0906_11:28:22,83.6863
0906_11:28:22,83.6846
0906_11:28:22,83.6866
0906_11:28:22,83.6871
0906_11:28:22,83.6863
0906_11:28:22,83.6888
0906_11:28:22,83.6871
0906_11:28:22,83.6849
0906_11:28:23,83.6883
0906_11:28:23,83.6847
0906_11:28:23,83.6871
0906_11:28:23,83.6871
0906_11:28:23,83.687
0906_11:28:23,83.6876
0906_11:28:23,83.6879
0906_11:28:23,83.6874
0906_11:28:24,83.6872
0906_11:28:24,83.6892
0906_11:28:24,83.685
0906_11:28:24,83.6856
0906_11:28:24,83.6857
0906_11:28:24,83.6871
0906_11:28:24,83.6851
0906_11:28:24,83.6853
0906_11:28:25,83.6856
0906_11:28:25,83.6843
0906_11:28:25,83.6871
0906_11:28:25,83.6867
0906_11:28:25,83.6864
0906_11:28:25,83.6862
0906_11:28:25,83.6876
0906_11:28:25,83.6843
0906_11:28:26,83.6872
0906_11:28:26,83.6859
0906_11:28:26,83.685
0906_11:28:26,83.6854
0906_11:28:26,83.684
0906_11:28:26,83.6848
0906_11:28:26,83.6862
0906_11:28:26,83.6846
0906_11:28:27,83.6827
0906_11:28:27,83.683
0906_11:28:27,83.6813
0906_11:28:27,83.6816
0906_11:28:27,83.6835
0906_11:28:27,83.6838
0906_11:28:27,83.6802
0906_11:28:27,83.6805
0906_11:28:28,83.6792
0906_11:28:28,83.6817
0906_11:28:28,83.681
0906_11:28:28,83.6819
0906_11:28:28,83.6807
0906_11:28:28,83.6799
0906_11:28:28,83.6805
0906_11:28:28,83.6819
0906_11:28:29,83.6819
0906_11:28:29,83.6826
0906_11:28:29,83.6824
0906_11:28:29,83.6824
0906_11:28:29,83.6819
0906_11:28:29,83.6811
0906_11:28:29,83.6817
0906_11:28:29,83.6833
0906_11:28:30,83.6816
0906_11:28:30,83.6825
0906_11:28:30,83.6831
0906_11:28:30,83.682
0906_11:28:30,83.6821
0906_11:28:30,83.6804
0906_11:28:30,83.6828
0906_11:28:30,83.6831
0906_11:28:31,83.6798
0906_11:28:31,83.6796
0906_11:28:31,83.6759
0906_11:28:31,83.6792
0906_11:28:31,83.6804
0906_11:28:31,83.6793
0906_11:28:31,83.6795
0906_11:28:31,83.6814
0906_11:28:32,83.6808
0906_11:28:32,83.6818
0906_11:28:32,83.6783
0906_11:28:32,83.6792
0906_11:28:32,83.6802
0906_11:28:32,83.6817
0906_11:28:32,83.6807
0906_11:28:33,83.6809
0906_11:28:33,83.6809
0906_11:28:33,83.6849
0906_11:28:33,83.6851
0906_11:28:33,83.6817
0906_11:28:33,83.6817
0906_11:28:33,83.6816
0906_11:28:33,83.6828
0906_11:28:34,83.6824
0906_11:28:34,83.6842
0906_11:28:34,83.6831
0906_11:28:34,83.6832
0906_11:28:34,83.6842
0906_11:28:34,83.6833
0906_11:28:34,83.6836
0906_11:28:34,83.6852
0906_11:28:35,83.6858
0906_11:28:35,83.6861
0906_11:28:35,83.6854
0906_11:28:35,83.6833
0906_11:28:35,83.6827
0906_11:28:35,83.6822
0906_11:28:35,83.6848
0906_11:28:35,83.6842
0906_11:28:36,83.6847
0906_11:28:36,83.6849
0906_11:28:36,83.6843
0906_11:28:36,83.6835
0906_11:28:36,83.683
0906_11:28:36,83.6842
0906_11:28:36,83.6831
0906_11:28:36,83.6859
0906_11:28:37,83.6845
0906_11:28:37,83.6835
0906_11:28:37,83.6828
0906_11:28:37,83.6851
0906_11:28:37,83.6821
0906_11:28:37,83.6852
0906_11:28:37,83.6818
0906_11:28:37,83.6841
0906_11:28:38,83.6817
0906_11:28:38,83.6814
0906_11:28:38,83.6825
0906_11:28:38,83.6847
0906_11:28:38,83.6831
0906_11:28:38,83.6826
0906_11:28:38,83.6832
0906_11:28:38,83.6818
0906_11:28:39,83.6808
0906_11:28:39,83.6827
0906_11:28:39,83.6823
0906_11:28:39,83.6805
0906_11:28:39,83.6799
0906_11:28:39,83.6821
0906_11:28:39,83.6808
0906_11:28:39,83.682
0906_11:28:40,83.6813
0906_11:28:40,83.6792
0906_11:28:40,83.6827
0906_11:28:40,83.6808
0906_11:28:40,83.681
0906_11:28:40,83.6801
0906_11:28:40,83.6807
0906_11:28:40,83.6801
0906_11:28:41,83.6797
0906_11:28:41,83.6793
0906_11:28:41,83.6796
0906_11:28:41,83.6804
0906_11:28:41,83.6779
0906_11:28:41,83.6794
0906_11:28:41,83.6794
0906_11:28:41,83.6807
0906_11:28:42,83.682
0906_11:28:42,83.6815
0906_11:28:42,83.6809
0906_11:28:42,83.6812
0906_11:28:42,83.6821
0906_11:28:42,83.6807
0906_11:28:42,83.6815
0906_11:28:42,83.6819
0906_11:28:43,83.6823
0906_11:28:43,83.6831
0906_11:28:43,83.6808
0906_11:28:43,83.6818
0906_11:28:43,83.6817
0906_11:28:43,83.6802
0906_11:28:43,83.6798
0906_11:28:43,83.6832
0906_11:28:44,83.6813
0906_11:28:44,83.6814
0906_11:28:44,83.6817
0906_11:28:44,83.6806
0906_11:28:44,83.6816
0906_11:28:44,83.6811
0906_11:28:44,83.6795
0906_11:28:44,83.6807
0906_11:28:45,83.681
0906_11:28:45,83.6815
0906_11:28:45,83.6807
0906_11:28:45,83.6798
0906_11:28:45,83.6801
0906_11:28:45,83.6792
0906_11:28:45,83.6811
0906_11:28:45,83.6794
0906_11:28:46,83.6808
0906_11:28:46,83.6829
0906_11:28:46,83.6813
0906_11:28:46,83.681
0906_11:28:46,83.6808
0906_11:28:46,83.6811
0906_11:28:46,83.6803
0906_11:28:46,83.6801
0906_11:28:47,83.6819
0906_11:28:47,83.6804
0906_11:28:47,83.68
0906_11:28:47,83.6821
0906_11:28:47,83.6797
0906_11:28:47,83.6798
0906_11:28:47,83.6818
0906_11:28:47,83.6806
0906_11:28:48,83.6801
0906_11:28:48,83.6805
0906_11:28:48,83.6824
0906_11:28:48,83.681
0906_11:28:48,83.6794
0906_11:28:48,83.6814
0906_11:28:48,83.6796
0906_11:28:48,83.6796
0906_11:28:49,83.679
0906_11:28:49,83.6799
0906_11:28:49,83.6809
0906_11:28:49,83.6799
0906_11:28:49,83.6777
0906_11:28:49,83.6787
0906_11:28:49,83.679
0906_11:28:49,83.6788
0906_11:28:50,83.6787
0906_11:28:50,83.6792
0906_11:28:50,83.6797
0906_11:28:50,83.6801
0906_11:28:50,83.6794
0906_11:28:50,83.6803
0906_11:28:50,83.6809
0906_11:28:50,83.6811
0906_11:28:51,83.6817
0906_11:28:51,83.6814
0906_11:28:51,83.6804
0906_11:28:51,83.6799
0906_11:28:51,83.6795
0906_11:28:51,83.6818
0906_11:28:51,83.6817
0906_11:28:51,83.6818
0906_11:28:52,83.6794
0906_11:28:52,83.6796
0906_11:28:52,83.6799
0906_11:28:52,83.6809
0906_11:28:52,83.6814
0906_11:28:52,83.6809
0906_11:28:52,83.6813
0906_11:28:52,83.6804
0906_11:28:53,83.6794
0906_11:28:53,83.6799
0906_11:28:53,83.6802
0906_11:28:53,83.6804
0906_11:28:53,83.6811
0906_11:28:53,83.6806
0906_11:28:53,83.6812
0906_11:28:53,83.6795
0906_11:28:54,83.6782
0906_11:28:54,83.6784
0906_11:28:54,83.6801
0906_11:28:54,83.6803
0906_11:28:54,83.6791
0906_11:28:54,83.679
0906_11:28:54,83.6775
0906_11:28:54,83.6764
0906_11:28:55,83.6784
0906_11:28:55,83.6803
0906_11:28:55,83.6815
0906_11:28:55,83.6814
0906_11:28:55,83.6793
0906_11:28:55,83.6805
0906_11:28:55,83.6792
0906_11:28:56,83.6786
0906_11:28:56,83.6805
0906_11:28:56,83.6799
0906_11:28:56,83.6776
0906_11:28:56,83.6781
0906_11:28:56,83.678
0906_11:28:56,83.679
0906_11:28:56,83.6803
0906_11:28:57,83.6808
0906_11:28:57,83.6803
0906_11:28:57,83.6813
0906_11:28:57,83.6791
0906_11:28:57,83.6781
0906_11:28:57,83.6774
0906_11:28:57,83.6768
0906_11:28:57,83.6806
0906_11:28:58,83.6779
0906_11:28:58,83.6788
0906_11:28:58,83.6768
0906_11:28:58,83.6771
0906_11:28:58,83.6788
0906_11:28:58,83.6784
0906_11:28:58,83.6775
0906_11:28:58,83.6787
0906_11:28:59,83.6779
0906_11:28:59,83.6789
0906_11:28:59,83.6782
0906_11:28:59,83.6789
0906_11:28:59,83.6785
0906_11:28:59,83.6797
0906_11:28:59,83.678
0906_11:28:59,83.6766
0906_11:29:00,83.6778
0906_11:29:00,83.6782
0906_11:29:00,83.6787
0906_11:29:00,83.6793
0906_11:29:00,83.6792
0906_11:29:00,83.68
0906_11:29:00,83.6793
0906_11:29:00,83.6779
0906_11:29:01,83.6797
0906_11:29:01,83.6803
0906_11:29:01,83.6784
0906_11:29:01,83.6784
0906_11:29:01,83.6772
0906_11:29:01,83.6779
0906_11:29:01,83.6778
0906_11:29:01,83.6766
0906_11:29:02,83.6765
0906_11:29:02,83.6773
0906_11:29:02,83.6774
0906_11:29:02,83.677
0906_11:29:02,83.6767
0906_11:29:02,83.6784
0906_11:29:02,83.6784
0906_11:29:02,83.6776
0906_11:29:03,83.6782
0906_11:29:03,83.6796
0906_11:29:03,83.6761
0906_11:29:03,83.6773
0906_11:29:03,83.6785
0906_11:29:03,83.6773
0906_11:29:03,83.6788
0906_11:29:03,83.6777
0906_11:29:04,83.6777
0906_11:29:04,83.6745
0906_11:29:04,83.676
0906_11:29:04,83.6775
0906_11:29:04,83.6775
0906_11:29:04,83.6773
0906_11:29:04,83.678
0906_11:29:04,83.6752
0906_11:29:05,83.677
0906_11:29:05,83.677
0906_11:29:05,83.6766
0906_11:29:05,83.679
0906_11:29:05,83.6789
0906_11:29:05,83.6784
0906_11:29:05,83.6777
0906_11:29:05,83.6771
0906_11:29:06,83.6788
0906_11:29:06,83.6779
0906_11:29:06,83.6772
0906_11:29:06,83.6795
0906_11:29:06,83.6784
0906_11:29:06,83.6787
0906_11:29:06,83.6778
0906_11:29:06,83.6766
0906_11:29:07,83.6768
0906_11:29:07,83.6785
0906_11:29:07,83.6758
0906_11:29:07,83.6779
0906_11:29:07,83.6774
0906_11:29:07,83.6781
0906_11:29:07,83.6767
0906_11:29:07,83.6785
0906_11:29:08,83.6764
0906_11:29:08,83.6787
0906_11:29:08,83.6773
0906_11:29:08,83.6777
0906_11:29:08,83.6783
0906_11:29:08,83.6787
0906_11:29:08,83.6792
0906_11:29:08,83.6779
0906_11:29:09,83.6759
0906_11:29:09,83.6762
0906_11:29:09,83.679
0906_11:29:09,83.6767
0906_11:29:09,83.6766
0906_11:29:09,83.6766
0906_11:29:09,83.6776
0906_11:29:09,83.6752
0906_11:29:10,83.675
0906_11:29:10,83.6769
0906_11:29:10,83.6768
0906_11:29:10,83.6776
0906_11:29:10,83.675
0906_11:29:10,83.6772
0906_11:29:10,83.6778
0906_11:29:10,83.6779
0906_11:29:11,83.6772
0906_11:29:11,83.6794
0906_11:29:11,83.6785
0906_11:29:11,83.6769
0906_11:29:11,83.6776
0906_11:29:11,83.6779
0906_11:29:11,83.6785
0906_11:29:11,83.6781
0906_11:29:12,83.6786
0906_11:29:12,83.6782
0906_11:29:12,83.6772
0906_11:29:12,83.6773
0906_11:29:12,83.6765
0906_11:29:12,83.6765
0906_11:29:12,83.6745
0906_11:29:12,83.6758
0906_11:29:13,83.6758
0906_11:29:13,83.6759
0906_11:29:13,83.6746
0906_11:29:13,83.6737
0906_11:29:13,83.6761
0906_11:29:13,83.6756
0906_11:29:13,83.6763
0906_11:29:13,83.6777
0906_11:29:14,83.6762
0906_11:29:14,83.6767
0906_11:29:14,83.6763
0906_11:29:14,83.6769
0906_11:29:14,83.6769
0906_11:29:14,83.6757
0906_11:29:14,83.6754
0906_11:29:15,83.6777
0906_11:29:15,83.6769
0906_11:29:15,83.6763
0906_11:29:15,83.6756
0906_11:29:15,83.6769
0906_11:29:15,83.6771
0906_11:29:15,83.678
0906_11:29:15,83.6784
0906_11:29:16,83.6767
0906_11:29:16,83.6769
0906_11:29:16,83.6774
0906_11:29:16,83.677
0906_11:29:16,83.6767
0906_11:29:16,83.6768
0906_11:29:16,83.6753
0906_11:29:16,83.6753
0906_11:29:17,83.6744
0906_11:29:17,83.6726
0906_11:29:17,83.6714
0906_11:29:17,83.6733
0906_11:29:17,83.6724
0906_11:29:17,83.6739
0906_11:29:17,83.6733
0906_11:29:17,83.6724
0906_11:29:18,83.673
0906_11:29:18,83.6756
0906_11:29:18,83.6746
0906_11:29:18,83.6759
0906_11:29:18,83.6759
0906_11:29:18,83.6764
0906_11:29:18,83.6755
0906_11:29:18,83.6766
0906_11:29:19,83.6754
0906_11:29:19,83.6746
0906_11:29:19,83.6753
0906_11:29:19,83.6756
0906_11:29:19,83.675
0906_11:29:19,83.6756
0906_11:29:19,83.6763
0906_11:29:19,83.6766
0906_11:29:20,83.6737
0906_11:29:20,83.674
0906_11:29:20,83.6748
0906_11:29:20,83.6752
0906_11:29:20,83.6761
0906_11:29:20,83.6749
0906_11:29:20,83.677
0906_11:29:20,83.6765
0906_11:29:21,83.6765
0906_11:29:21,83.6766
0906_11:29:21,83.6763
0906_11:29:21,83.6776
0906_11:29:21,83.6746
0906_11:29:21,83.6768
0906_11:29:21,83.6775
0906_11:29:21,83.6748
0906_11:29:22,83.6755
0906_11:29:22,83.6766
0906_11:29:22,83.6753
0906_11:29:22,83.6754
0906_11:29:22,83.6767
0906_11:29:22,83.6766
0906_11:29:22,83.6734
0906_11:29:22,83.6765
0906_11:29:23,83.6755
0906_11:29:23,83.6755
0906_11:29:23,83.6754
0906_11:29:23,83.6755
0906_11:29:23,83.6733
0906_11:29:23,83.6751
0906_11:29:23,83.6738
0906_11:29:23,83.6741
0906_11:29:24,83.6733
0906_11:29:24,83.6732
0906_11:29:24,83.6739
0906_11:29:24,83.6771
0906_11:29:24,83.676
0906_11:29:24,83.6753
0906_11:29:24,83.674
0906_11:29:24,83.6737
0906_11:29:25,83.6743
0906_11:29:25,83.673
0906_11:29:25,83.6742
0906_11:29:25,83.674
0906_11:29:25,83.6717
0906_11:29:25,83.6731
0906_11:29:25,83.6729
0906_11:29:25,83.6713
0906_11:29:26,83.6722
0906_11:29:26,83.6703
0906_11:29:26,83.6712
0906_11:29:26,83.6711
0906_11:29:26,83.6697
0906_11:29:26,83.673
0906_11:29:26,83.6708
0906_11:29:26,83.672
0906_11:29:27,83.6721
0906_11:29:27,83.6719
0906_11:29:27,83.6712
0906_11:29:27,83.672
0906_11:29:27,83.6716
0906_11:29:27,83.6714
0906_11:29:27,83.6695
0906_11:29:27,83.6715
0906_11:29:28,83.673
0906_11:29:28,83.6734
0906_11:29:28,83.6735
0906_11:29:28,83.6733
0906_11:29:28,83.672
0906_11:29:28,83.6719
0906_11:29:28,83.6711
0906_11:29:28,83.6706
0906_11:29:29,83.6716
0906_11:29:29,83.6729
0906_11:29:29,83.6706
0906_11:29:29,83.6715
0906_11:29:29,83.6717
0906_11:29:29,83.6699
0906_11:29:29,83.6708
0906_11:29:29,83.6711
0906_11:29:30,83.673
0906_11:29:30,83.6731
0906_11:29:30,83.6722
0906_11:29:30,83.673
0906_11:29:30,83.6723
0906_11:29:30,83.6714
0906_11:29:30,83.6733
0906_11:29:30,83.6724
0906_11:29:31,83.6725
0906_11:29:31,83.6725
0906_11:29:31,83.6717
0906_11:29:31,83.6732
0906_11:29:31,83.6733
0906_11:29:31,83.6735
0906_11:29:31,83.673
0906_11:29:32,83.6712
0906_11:29:32,83.6738
0906_11:29:32,83.6732
0906_11:29:32,83.6727
0906_11:29:32,83.6724
0906_11:29:32,83.6728
0906_11:29:32,83.6729
0906_11:29:32,83.6743
0906_11:29:33,83.6738
0906_11:29:33,83.6707
0906_11:29:33,83.6702
0906_11:29:33,83.6709
0906_11:29:33,83.6707
0906_11:29:33,83.6713
0906_11:29:33,83.6719
0906_11:29:33,83.6728
0906_11:29:34,83.6722
0906_11:29:34,83.6724
0906_11:29:34,83.674
0906_11:29:34,83.6722
0906_11:29:34,83.6726
0906_11:29:34,83.6712
0906_11:29:34,83.6719
0906_11:29:34,83.67
0906_11:29:35,83.671
0906_11:29:35,83.6711
0906_11:29:35,83.6722
0906_11:29:35,83.6703
0906_11:29:35,83.6703
0906_11:29:35,83.6713
0906_11:29:35,83.6735
0906_11:29:35,83.6711
0906_11:29:36,83.6703
0906_11:29:36,83.6715
0906_11:29:36,83.6719
0906_11:29:36,83.6718
0906_11:29:36,83.6707
0906_11:29:36,83.67
0906_11:29:36,83.6708
0906_11:29:36,83.6716
0906_11:29:37,83.6709
0906_11:29:37,83.6732
0906_11:29:37,83.6716
0906_11:29:37,83.6722
0906_11:29:37,83.6732
0906_11:29:37,83.6727
0906_11:29:37,83.6731
0906_11:29:37,83.6738
0906_11:29:38,83.6719
0906_11:29:38,83.6736
0906_11:29:38,83.673
0906_11:29:38,83.6704
0906_11:29:38,83.6708
0906_11:29:38,83.6725
0906_11:29:38,83.6709
0906_11:29:38,83.671
0906_11:29:39,83.6707
0906_11:29:39,83.67
0906_11:29:39,83.6697
0906_11:29:39,83.6703
0906_11:29:39,83.6687
0906_11:29:39,83.6719
0906_11:29:39,83.673
0906_11:29:39,83.6723
0906_11:29:40,83.6722
0906_11:29:40,83.6724
0906_11:29:40,83.6733
0906_11:29:40,83.6735
0906_11:29:40,83.6734
0906_11:29:40,83.6748
0906_11:29:40,83.6707
0906_11:29:40,83.6717
0906_11:29:41,83.6739
0906_11:29:41,83.6718
0906_11:29:41,83.6709
0906_11:29:41,83.6703
0906_11:29:41,83.6706
0906_11:29:41,83.6702
0906_11:29:41,83.6714
0906_11:29:41,83.6708
0906_11:29:42,83.67
0906_11:29:42,83.6685
0906_11:29:42,83.6707
0906_11:29:42,83.6686
0906_11:29:42,83.6678
0906_11:29:42,83.6683
0906_11:29:42,83.6668
0906_11:29:42,83.6664
0906_11:29:43,83.6692
0906_11:29:43,83.6697
0906_11:29:43,83.6699
0906_11:29:43,83.6693
0906_11:29:43,83.6699
0906_11:29:43,83.6708
0906_11:29:43,83.6706
0906_11:29:43,83.6712
0906_11:29:44,83.671
0906_11:29:44,83.6693
0906_11:29:44,83.6712
0906_11:29:44,83.6706
0906_11:29:44,83.6718
0906_11:29:44,83.6696
0906_11:29:44,83.6714
0906_11:29:44,83.6707
0906_11:29:45,83.6696
0906_11:29:45,83.6691
0906_11:29:45,83.6683
0906_11:29:45,83.6697
0906_11:29:45,83.6706
0906_11:29:45,83.6674
0906_11:29:45,83.6697
0906_11:29:45,83.6699
,
0906_11:29:46,83.6723
0906_11:29:46,83.6689
0906_11:29:46,83.6705
0906_11:29:46,83.6707
0906_11:29:46,83.6683
0906_11:29:46,83.6694
0906_11:29:47,83.6697
0906_11:29:47,83.6677
0906_11:29:47,83.6645
0906_11:29:47,83.6665
0906_11:29:47,83.6675
0906_11:29:47,83.6666
0906_11:29:47,83.6667
0906_11:29:47,83.6669
0906_11:29:48,83.6701
0906_11:29:48,83.6688
0906_11:29:48,83.668
0906_11:29:48,83.6676
0906_11:29:48,83.6681
0906_11:29:48,83.6697
0906_11:29:48,83.6694
0906_11:29:48,83.6667
0906_11:29:49,83.6691
0906_11:29:49,83.6685
0906_11:29:49,83.6676
0906_11:29:49,83.669
0906_11:29:49,83.6662
0906_11:29:49,83.6684
0906_11:29:49,83.6681
0906_11:29:49,83.6692
0906_11:29:50,83.6683
0906_11:29:50,83.6691
0906_11:29:50,83.6696
0906_11:29:50,83.6682
0906_11:29:50,83.6651
0906_11:29:50,83.6683
0906_11:29:50,83.6688
0906_11:29:50,83.6706
0906_11:29:51,83.6701
0906_11:29:51,83.6685
0906_11:29:51,83.6691
0906_11:29:51,83.6676
0906_11:29:51,83.6707
0906_11:29:51,83.6708
0906_11:29:51,83.6679
0906_11:29:51,83.6702
0906_11:29:52,83.6707
0906_11:29:52,83.67
0906_11:29:52,83.6701
0906_11:29:52,83.6724
0906_11:29:52,83.6718
0906_11:29:52,83.6695
0906_11:29:52,83.6697
0906_11:29:52,83.6684
0906_11:29:53,83.6667
0906_11:29:53,83.6672
0906_11:29:53,83.6696
0906_11:29:53,83.6704
0906_11:29:53,83.6705
0906_11:29:53,83.6698
0906_11:29:53,83.6725
0906_11:29:53,83.6715
0906_11:29:54,83.6696
0906_11:29:54,83.6697
0906_11:29:54,83.6707
0906_11:29:54,83.6704
0906_11:29:54,83.6685
0906_11:29:54,83.6692
0906_11:29:54,83.6688
0906_11:29:54,83.6688
0906_11:29:55,83.6703
0906_11:29:55,83.6693
0906_11:29:55,83.6703
0906_11:29:55,83.6698
0906_11:29:55,83.6685
0906_11:29:55,83.6695
0906_11:29:55,83.6686
0906_11:29:55,83.6676
0906_11:29:56,83.6691
0906_11:29:56,83.6701
0906_11:29:56,83.6696
0906_11:29:56,83.6696
0906_11:29:56,83.6712
0906_11:29:56,83.6709
0906_11:29:56,83.6714
0906_11:29:56,83.6725
0906_11:29:57,83.671
0906_11:29:57,83.6719
0906_11:29:57,83.6709
0906_11:29:57,83.6729
0906_11:29:57,83.6712
0906_11:29:57,83.671
0906_11:29:57,83.6686
0906_11:29:57,83.6688
0906_11:29:58,83.6695
0906_11:29:58,83.6689
0906_11:29:58,83.6688
0906_11:29:58,83.6679
0906_11:29:58,83.669
0906_11:29:58,83.6693
0906_11:29:58,83.6693
0906_11:29:58,83.6703
0906_11:29:59,83.6711
0906_11:29:59,83.6729
0906_11:29:59,83.6697
0906_11:29:59,83.6709
0906_11:29:59,83.6689
0906_11:29:59,83.6691
0906_11:29:59,83.6677
0906_11:29:59,83.6698
0906_11:30:00,83.6683
0906_11:30:00,83.6685
0906_11:30:00,83.6679
0906_11:30:00,83.6679
0906_11:30:00,83.6653
0906_11:30:00,83.6673
0906_11:30:00,83.6682
0906_11:30:00,83.6658
0906_11:30:01,83.6672
0906_11:30:01,83.6652
0906_11:30:01,83.6652
0906_11:30:01,83.6671
0906_11:30:01,83.6654
0906_11:30:01,83.6664
0906_11:30:01,83.6676
0906_11:30:01,83.67
0906_11:30:02,83.6672
0906_11:30:02,83.6672
0906_11:30:02,83.6675
0906_11:30:02,83.6675
0906_11:30:02,83.6689
0906_11:30:02,83.6686
0906_11:30:02,83.667
0906_11:30:03,83.6684
0906_11:30:03,83.6704
0906_11:30:03,83.6696
0906_11:30:03,83.6693
0906_11:30:03,83.6685
0906_11:30:03,83.6692
0906_11:30:03,83.669
0906_11:30:03,83.6693
0906_11:30:04,83.6701
0906_11:30:04,83.67
0906_11:30:04,83.6688
0906_11:30:04,83.6681
0906_11:30:04,83.669
0906_11:30:04,83.6675
0906_11:30:04,83.669
0906_11:30:04,83.6692
0906_11:30:05,83.6685
0906_11:30:05,83.6686
0906_11:30:05,83.6698
0906_11:30:05,83.6708
0906_11:30:05,83.6698
0906_11:30:05,83.6689
0906_11:30:05,83.6689
0906_11:30:05,83.6662
0906_11:30:06,83.667
0906_11:30:06,83.6673
0906_11:30:06,83.6681
0906_11:30:06,83.669
0906_11:30:06,83.6692
0906_11:30:06,83.6683
0906_11:30:06,83.6681
0906_11:30:06,83.6676
0906_11:30:07,83.6687
0906_11:30:07,83.6701
0906_11:30:07,83.6697
0906_11:30:07,83.669
0906_11:30:07,83.6703
0906_11:30:07,83.6692
0906_11:30:07,83.6707
0906_11:30:07,83.6709
0906_11:30:08,83.6695
0906_11:30:08,83.6692
0906_11:30:08,83.6677
0906_11:30:08,83.6696
0906_11:30:08,83.6704
0906_11:30:08,83.6722
0906_11:30:08,83.6691
0906_11:30:08,83.6698
0906_11:30:09,83.6707
0906_11:30:09,83.6699
0906_11:30:09,83.6707
0906_11:30:09,83.6697
0906_11:30:09,83.6693
0906_11:30:09,83.6686
0906_11:30:09,83.6702
0906_11:30:09,83.6715
0906_11:30:10,83.6716
0906_11:30:10,83.6706
0906_11:30:10,83.6691
,
0906_11:30:10,83.6687
0906_11:30:10,83.6691
0906_11:30:10,83.6709
0906_11:30:10,83.6685
0906_11:30:11,83.6694
0906_11:30:11,83.6679
0906_11:30:11,83.6679
0906_11:30:11,83.6686
0906_11:30:11,83.6707
0906_11:30:11,83.6691
0906_11:30:11,83.6704
0906_11:30:11,83.6692
0906_11:30:12,83.6679
0906_11:30:12,83.6683
0906_11:30:12,83.6687
0906_11:30:12,83.6708
0906_11:30:12,83.6703
0906_11:30:12,83.6693
0906_11:30:12,83.6711
0906_11:30:12,83.6681
0906_11:30:13,83.6694
0906_11:30:13,83.6695
0906_11:30:13,83.6707
0906_11:30:13,83.6696
0906_11:30:13,83.6705
0906_11:30:13,83.6709
0906_11:30:13,83.671
0906_11:30:13,83.6704
0906_11:30:14,83.6689
0906_11:30:14,83.6707
0906_11:30:14,83.6692
0906_11:30:14,83.6706
0906_11:30:14,83.6712
0906_11:30:14,83.6693
0906_11:30:14,83.6699
0906_11:30:14,83.6682
0906_11:30:15,83.6682
0906_11:30:15,83.6676
0906_11:30:15,83.6664
0906_11:30:15,83.6682
0906_11:30:15,83.6691
0906_11:30:15,83.668
0906_11:30:15,83.6678
0906_11:30:15,83.6685
0906_11:30:16,83.6675
0906_11:30:16,83.6665
0906_11:30:16,83.6658
0906_11:30:16,83.6664
0906_11:30:16,83.6688
0906_11:30:16,83.6669
0906_11:30:16,83.6676
0906_11:30:16,83.6682
0906_11:30:17,83.6677
0906_11:30:17,83.6685
0906_11:30:17,83.6694
0906_11:30:17,83.6692
0906_11:30:17,83.67
0906_11:30:17,83.6687
0906_11:30:17,83.6681
0906_11:30:17,83.6672
0906_11:30:18,83.6674
0906_11:30:18,83.668
0906_11:30:18,83.6682
0906_11:30:18,83.6651
0906_11:30:18,83.6676
0906_11:30:18,83.6667
0906_11:30:18,83.6679
0906_11:30:19,83.6678
0906_11:30:19,83.6664
0906_11:30:19,83.6682
0906_11:30:19,83.668
0906_11:30:19,83.6688
0906_11:30:19,83.6673
0906_11:30:19,83.6679
0906_11:30:19,83.6656
0906_11:30:20,83.6653
0906_11:30:20,83.667
0906_11:30:20,83.6683
0906_11:30:20,83.6671
0906_11:30:20,83.6675
0906_11:30:20,83.6686
0906_11:30:20,83.6668
0906_11:30:20,83.6691
0906_11:30:21,83.6665
0906_11:30:21,83.6676
0906_11:30:21,83.6677
0906_11:30:21,83.6671
0906_11:30:21,83.6664
0906_11:30:21,83.6696
0906_11:30:21,83.669
0906_11:30:21,83.6707
0906_11:30:22,83.6722
0906_11:30:22,83.6709
0906_11:30:22,83.6693
0906_11:30:22,83.6698
0906_11:30:22,83.6701
0906_11:30:22,83.6701
0906_11:30:22,83.6695
0906_11:30:22,83.6707
0906_11:30:23,83.671
0906_11:30:23,83.6727
0906_11:30:23,83.6713
0906_11:30:23,83.6708
0906_11:30:23,83.6702
0906_11:30:23,83.6689
0906_11:30:23,83.6712
0906_11:30:23,83.6708
0906_11:30:24,83.6713
0906_11:30:24,83.67
0906_11:30:24,83.6692
0906_11:30:24,83.671
0906_11:30:24,83.6684
0906_11:30:24,83.6709
0906_11:30:24,83.6709
0906_11:30:24,83.6701
0906_11:30:25,83.6696
0906_11:30:25,83.6698
0906_11:30:25,83.6694
0906_11:30:25,83.6713
0906_11:30:25,83.6685
0906_11:30:25,83.6679
0906_11:30:25,83.6684
0906_11:30:25,83.6681
0906_11:30:26,83.6682
0906_11:30:26,83.6706
0906_11:30:26,83.6688
0906_11:30:26,83.6697
0906_11:30:26,83.671
0906_11:30:26,83.6705
0906_11:30:26,83.6699
0906_11:30:26,83.6698
0906_11:30:27,83.6706
0906_11:30:27,83.6691
0906_11:30:27,83.6688
0906_11:30:27,83.6692
0906_11:30:27,83.6712
0906_11:30:27,83.6711
0906_11:30:27,83.6731
0906_11:30:27,83.6732
0906_11:30:28,83.6719
0906_11:30:28,83.6699
0906_11:30:28,83.6693
0906_11:30:28,83.669
0906_11:30:28,83.67
0906_11:30:28,83.6714
0906_11:30:28,83.6724
0906_11:30:28,83.6724
0906_11:30:29,83.671
0906_11:30:29,83.6709
0906_11:30:29,83.6723
0906_11:30:29,83.6715
0906_11:30:29,83.6722
0906_11:30:29,83.6711
0906_11:30:29,83.6704
0906_11:30:29,83.671
0906_11:30:30,83.6727
0906_11:30:30,83.6707
0906_11:30:30,83.6722
0906_11:30:30,83.6726
0906_11:30:30,83.6712
0906_11:30:30,83.6726
0906_11:30:30,83.6721
0906_11:30:30,83.6724
0906_11:30:31,83.671
0906_11:30:31,83.6717
0906_11:30:31,83.6698
0906_11:30:31,83.6706
0906_11:30:31,83.6694
0906_11:30:31,83.6712
0906_11:30:31,83.6705
0906_11:30:31,83.6726
0906_11:30:32,83.6734
0906_11:30:32,83.6719
0906_11:30:32,83.6717
0906_11:30:32,83.6716
0906_11:30:32,83.6709
0906_11:30:32,83.6725
0906_11:30:32,83.6718
0906_11:30:32,83.6714
0906_11:30:33,83.6686
0906_11:30:33,83.6701
0906_11:30:33,83.6699
0906_11:30:33,83.6699
0906_11:30:33,83.6716
0906_11:30:33,83.6719
0906_11:30:33,83.6732
0906_11:30:33,83.6742
0906_11:30:34,83.6734
0906_11:30:34,83.6718
0906_11:30:34,83.6728
0906_11:30:34,83.6717
0906_11:30:34,83.673
0906_11:30:34,83.6714
0906_11:30:34,83.6724
0906_11:30:34,83.671
0906_11:30:35,83.6726
0906_11:30:35,83.6721
0906_11:30:35,83.6712
0906_11:30:35,83.6728
0906_11:30:35,83.6736
0906_11:30:35,83.6727
0906_11:30:35,83.6746
0906_11:30:35,83.6741
0906_11:30:36,83.6743
0906_11:30:36,83.672
0906_11:30:36,83.676
0906_11:30:36,83.6741
0906_11:30:36,83.6723
0906_11:30:36,83.6726
0906_11:30:36,83.6748
0906_11:30:36,83.6731
0906_11:30:37,83.6722
0906_11:30:37,83.673
0906_11:30:37,83.6749
0906_11:30:37,83.673
0906_11:30:37,83.6734
0906_11:30:37,83.6749
0906_11:30:37,83.6745
0906_11:30:37,83.6746
0906_11:30:38,83.674
0906_11:30:38,83.6724
0906_11:30:38,83.6735
0906_11:30:38,83.6728
0906_11:30:38,83.6733
0906_11:30:38,83.6736
0906_11:30:38,83.6737
0906_11:30:39,83.6748
0906_11:30:39,83.6724
0906_11:30:39,83.6729
0906_11:30:39,83.6748
0906_11:30:39,83.6764
0906_11:30:39,83.6746
0906_11:30:39,83.6734
0906_11:30:39,83.6748
0906_11:30:40,83.6748
0906_11:30:40,83.6763
0906_11:30:40,83.6771
0906_11:30:40,83.6744
0906_11:30:40,83.6754
0906_11:30:40,83.6738
0906_11:30:40,83.6738
0906_11:30:40,83.6742
0906_11:30:41,83.6744
0906_11:30:41,83.6742
0906_11:30:41,83.6735
0906_11:30:41,83.6738
0906_11:30:41,83.6724
0906_11:30:41,83.6729
0906_11:30:41,83.676
0906_11:30:41,83.671
0906_11:30:42,83.6737
0906_11:30:42,83.6709
0906_11:30:42,83.6706
0906_11:30:42,83.6708
0906_11:30:42,83.671
0906_11:30:42,83.6703
0906_11:30:42,83.6729
0906_11:30:42,83.6719
0906_11:30:43,83.6718
0906_11:30:43,83.6728
0906_11:30:43,83.6717
0906_11:30:43,83.671
0906_11:30:43,83.6703
0906_11:30:43,83.6724
0906_11:30:43,83.6704
0906_11:30:43,83.6705
0906_11:30:44,83.6715
0906_11:30:44,83.6696
0906_11:30:44,83.6696
0906_11:30:44,83.6707
0906_11:30:44,83.6706
0906_11:30:44,83.6701
0906_11:30:44,83.6708
0906_11:30:44,83.672
0906_11:30:45,83.67
0906_11:30:45,83.6719
0906_11:30:45,83.6705
0906_11:30:45,83.6703
0906_11:30:45,83.6678
0906_11:30:45,83.6687
0906_11:30:45,83.6701
0906_11:30:45,83.6713
0906_11:30:46,83.6724
0906_11:30:46,83.6727
0906_11:30:46,83.6712
0906_11:30:46,83.6706
0906_11:30:46,83.6713
0906_11:30:46,83.672
0906_11:30:46,83.6722
0906_11:30:46,83.6723
0906_11:30:47,83.6753
0906_11:30:47,83.6745
0906_11:30:47,83.6726
0906_11:30:47,83.6733
0906_11:30:47,83.6741
0906_11:30:47,83.6726
0906_11:30:47,83.675
0906_11:30:47,83.6734
0906_11:30:48,83.6732
0906_11:30:48,83.6744
0906_11:30:48,83.6741
0906_11:30:48,83.674
0906_11:30:48,83.6761
0906_11:30:48,83.6747
0906_11:30:48,83.6737
0906_11:30:48,83.6756
0906_11:30:49,83.6753
0906_11:30:49,83.6747
0906_11:30:49,83.6743
0906_11:30:49,83.6755
0906_11:30:49,83.6733
,
0906_11:30:49,83.6743
0906_11:30:49,83.6741
0906_11:30:50,83.6731
0906_11:30:50,83.6754
0906_11:30:50,83.6734
0906_11:30:50,83.6747
0906_11:30:50,83.6744
0906_11:30:50,83.6736
0906_11:30:50,83.6722
0906_11:30:50,83.672
0906_11:30:51,83.673
0906_11:30:51,83.6722
0906_11:30:51,83.6736
0906_11:30:51,83.6731
0906_11:30:51,83.6724
0906_11:30:51,83.6725
0906_11:30:51,83.6726
0906_11:30:51,83.6724
0906_11:30:52,83.6725
0906_11:30:52,83.6747
0906_11:30:52,83.673
0906_11:30:52,83.6729
0906_11:30:52,83.6716
0906_11:30:52,83.6717
0906_11:30:52,83.673
0906_11:30:52,83.6738
0906_11:30:53,83.6721
0906_11:30:53,83.6729
0906_11:30:53,83.6732
0906_11:30:53,83.6746
0906_11:30:53,83.6747
0906_11:30:53,83.6752
0906_11:30:53,83.6734
0906_11:30:53,83.675
0906_11:30:54,83.6729
0906_11:30:54,83.6711
0906_11:30:54,83.6718
0906_11:30:54,83.6708
0906_11:30:54,83.6707
0906_11:30:54,83.6702
0906_11:30:54,83.6699
0906_11:30:54,83.6691
0906_11:30:55,83.671
0906_11:30:55,83.6715
0906_11:30:55,83.6702
0906_11:30:55,83.6705
0906_11:30:55,83.6707
0906_11:30:55,83.6714
0906_11:30:55,83.6696
0906_11:30:55,83.6697
0906_11:30:56,83.6712
0906_11:30:56,83.6706
0906_11:30:56,83.6717
0906_11:30:56,83.6721
0906_11:30:56,83.6732
0906_11:30:56,83.6727
0906_11:30:56,83.673
0906_11:30:56,83.6725
0906_11:30:57,83.6734
0906_11:30:57,83.6723
0906_11:30:57,83.6703
0906_11:30:57,83.6711
0906_11:30:57,83.6709
0906_11:30:57,83.6703
0906_11:30:57,83.6697
0906_11:30:58,83.6707
0906_11:30:58,83.669
0906_11:30:58,83.6712
0906_11:30:58,83.6723
0906_11:30:58,83.671
0906_11:30:58,83.6719
0906_11:30:58,83.6711
0906_11:30:58,83.671
0906_11:30:59,83.6716
0906_11:30:59,83.6713
0906_11:30:59,83.6704
0906_11:30:59,83.6687
0906_11:30:59,83.6711
0906_11:30:59,83.6724
0906_11:30:59,83.6729
0906_11:30:59,83.6716
0906_11:31:00,83.6727
0906_11:31:00,83.6715
0906_11:31:00,83.6711
0906_11:31:00,83.6712
0906_11:31:00,83.6715
0906_11:31:00,83.6737
0906_11:31:00,83.6719
0906_11:31:00,83.6719
0906_11:31:01,83.6716
0906_11:31:01,83.672
0906_11:31:01,83.6712
0906_11:31:01,83.6723
0906_11:31:01,83.6742
0906_11:31:01,83.6719
0906_11:31:01,83.6735
0906_11:31:01,83.6718
0906_11:31:02,83.6728
0906_11:31:02,83.6718
0906_11:31:02,83.6718
0906_11:31:02,83.67
0906_11:31:02,83.6705
0906_11:31:02,83.6724
0906_11:31:02,83.6721
0906_11:31:02,83.672
0906_11:31:03,83.6725
0906_11:31:03,83.6726
0906_11:31:03,83.6724
0906_11:31:03,83.6707
0906_11:31:03,83.6711
0906_11:31:03,83.6703
0906_11:31:03,83.6701
0906_11:31:03,83.6688
0906_11:31:04,83.6694
0906_11:31:04,83.6696
0906_11:31:04,83.6701
0906_11:31:04,83.6705
0906_11:31:04,83.6703
0906_11:31:04,83.6694
0906_11:31:04,83.6678
0906_11:31:04,83.6711
0906_11:31:05,83.67
0906_11:31:05,83.6724
0906_11:31:05,83.6727
0906_11:31:05,83.6725
0906_11:31:05,83.6708
0906_11:31:05,83.6708
0906_11:31:05,83.6712
0906_11:31:05,83.6719
0906_11:31:06,83.6731
0906_11:31:06,83.672
0906_11:31:06,83.6703
0906_11:31:06,83.671
0906_11:31:06,83.6715
0906_11:31:06,83.6694
0906_11:31:06,83.6706
0906_11:31:06,83.6729
0906_11:31:07,83.6699
0906_11:31:07,83.6715
0906_11:31:07,83.6734
0906_11:31:07,83.672
0906_11:31:07,83.6704
0906_11:31:07,83.6705
0906_11:31:07,83.6732
0906_11:31:07,83.6719
0906_11:31:08,83.6729
0906_11:31:08,83.673
0906_11:31:08,83.6707
0906_11:31:08,83.6718
0906_11:31:08,83.6734
0906_11:31:08,83.6732
0906_11:31:08,83.6714
0906_11:31:08,83.6732
0906_11:31:09,83.672
0906_11:31:09,83.6704
0906_11:31:09,83.6731
0906_11:31:09,83.673
0906_11:31:09,83.6716
0906_11:31:09,83.6702
0906_11:31:09,83.6704
0906_11:31:09,83.6739
0906_11:31:10,83.6732
0906_11:31:10,83.6731
0906_11:31:10,83.6713
0906_11:31:10,83.6722
0906_11:31:10,83.6704
0906_11:31:10,83.6691
0906_11:31:10,83.6712
0906_11:31:10,83.6713
0906_11:31:11,83.6716
0906_11:31:11,83.6709
0906_11:31:11,83.6704
0906_11:31:11,83.6707
0906_11:31:11,83.6704
0906_11:31:11,83.6716
0906_11:31:11,83.6702
0906_11:31:11,83.6697
0906_11:31:12,83.6701
0906_11:31:12,83.6679
0906_11:31:12,83.6684
0906_11:31:12,83.6693
0906_11:31:12,83.6699
0906_11:31:12,83.672
0906_11:31:12,83.6701
0906_11:31:13,83.6694
0906_11:31:13,83.6701
0906_11:31:13,83.6699
0906_11:31:13,83.6722
0906_11:31:13,83.6724
0906_11:31:13,83.6708
0906_11:31:13,83.6726
0906_11:31:13,83.6712
0906_11:31:14,83.6696
0906_11:31:14,83.6687
0906_11:31:14,83.6702
0906_11:31:14,83.6691
0906_11:31:14,83.6717
0906_11:31:14,83.673
0906_11:31:14,83.6707
0906_11:31:14,83.6723
0906_11:31:15,83.6718
0906_11:31:15,83.672
0906_11:31:15,83.6715
0906_11:31:15,83.6718
0906_11:31:15,83.6676
0906_11:31:15,83.6685
0906_11:31:15,83.6714
0906_11:31:15,83.6704
0906_11:31:16,83.6697
0906_11:31:16,83.6702
0906_11:31:16,83.6724
0906_11:31:16,83.6704
0906_11:31:16,83.6702
0906_11:31:16,83.6711
0906_11:31:16,83.6714
0906_11:31:16,83.6695
0906_11:31:17,83.6695
0906_11:31:17,83.671
0906_11:31:17,83.669
0906_11:31:17,83.6697
0906_11:31:17,83.6703
0906_11:31:17,83.6693
0906_11:31:17,83.6696
0906_11:31:17,83.672
0906_11:31:18,83.6732
0906_11:31:18,83.6717
0906_11:31:18,83.673
0906_11:31:18,83.6714
0906_11:31:18,83.6709
0906_11:31:18,83.6713
0906_11:31:18,83.6717
0906_11:31:18,83.6712
0906_11:31:19,83.6717
0906_11:31:19,83.6709
0906_11:31:19,83.6708
0906_11:31:19,83.6705
0906_11:31:19,83.6715
0906_11:31:19,83.6729
0906_11:31:19,83.6729
0906_11:31:19,83.673
0906_11:31:20,83.6711
0906_11:31:20,83.6708
0906_11:31:20,83.6716
0906_11:31:20,83.6722
0906_11:31:20,83.6738
0906_11:31:20,83.6725
0906_11:31:20,83.673
0906_11:31:20,83.6712
0906_11:31:21,83.6707
0906_11:31:21,83.6705
0906_11:31:21,83.6704
0906_11:31:21,83.6721
0906_11:31:21,83.6704
0906_11:31:21,83.6727
0906_11:31:21,83.6721
0906_11:31:21,83.6717
0906_11:31:22,83.6725
0906_11:31:22,83.6718
0906_11:31:22,83.671
0906_11:31:22,83.6715
0906_11:31:22,83.6719
0906_11:31:22,83.6715
0906_11:31:22,83.6727
0906_11:31:22,83.6722
0906_11:31:23,83.6714
0906_11:31:23,83.6727
0906_11:31:23,83.674
0906_11:31:23,83.6742
0906_11:31:23,83.6715
0906_11:31:23,83.6722
0906_11:31:23,83.6713
0906_11:31:23,83.6736
0906_11:31:24,83.6731
0906_11:31:24,83.6719
0906_11:31:24,83.6716
0906_11:31:24,83.6699
0906_11:31:24,83.6708
0906_11:31:24,83.6722
0906_11:31:24,83.6726
0906_11:31:24,83.6698
0906_11:31:25,83.6711
0906_11:31:25,83.6722
0906_11:31:25,83.6689
0906_11:31:25,83.67
0906_11:31:25,83.6684
0906_11:31:25,83.669
0906_11:31:25,83.6688
0906_11:31:25,83.6691
0906_11:31:26,83.6693
0906_11:31:26,83.6709
0906_11:31:26,83.6702
0906_11:31:26,83.6698
0906_11:31:26,83.6685
0906_11:31:26,83.6683
0906_11:31:26,83.6688
0906_11:31:26,83.6676
0906_11:31:27,83.6712
0906_11:31:27,83.6697
0906_11:31:27,83.6705
0906_11:31:27,83.6696
0906_11:31:27,83.6659
0906_11:31:27,83.6646
0906_11:31:27,83.6688
0906_11:31:27,83.6675
0906_11:31:28,83.6684
0906_11:31:28,83.6671
0906_11:31:28,83.6676
0906_11:31:28,83.6668
0906_11:31:28,83.6671
0906_11:31:28,83.6661
0906_11:31:28,83.6694
0906_11:31:28,83.6689
0906_11:31:29,83.6674
0906_11:31:29,83.6671
0906_11:31:29,83.6704
0906_11:31:29,83.67
0906_11:31:29,83.6684
0906_11:31:29,83.6698
0906_11:31:29,83.6687
0906_11:31:29,83.6683
0906_11:31:30,83.6684
0906_11:31:30,83.6688
0906_11:31:30,83.6683
0906_11:31:30,83.6684
0906_11:31:30,83.666
0906_11:31:30,83.6672
0906_11:31:30,83.6663
0906_11:31:31,83.6652
0906_11:31:31,83.6659
0906_11:31:31,83.6635
0906_11:31:31,83.6646
0906_11:31:31,83.6639
0906_11:31:31,83.664
0906_11:31:31,83.6635
0906_11:31:31,83.6639
0906_11:31:32,83.6639
0906_11:31:32,83.6639
0906_11:31:32,83.6652
0906_11:31:32,83.6655
0906_11:31:32,83.6652
0906_11:31:32,83.666
0906_11:31:32,83.6653
0906_11:31:32,83.6637
0906_11:31:33,83.6653
0906_11:31:33,83.6653
0906_11:31:33,83.6641
0906_11:31:33,83.665
0906_11:31:33,83.6656
0906_11:31:33,83.6648
0906_11:31:33,83.6655
0906_11:31:33,83.6657
0906_11:31:34,83.6645
0906_11:31:34,83.6667
0906_11:31:34,83.667
0906_11:31:34,83.6679
0906_11:31:34,83.666
0906_11:31:34,83.6676
0906_11:31:34,83.6665
0906_11:31:34,83.6659
0906_11:31:35,83.6635
0906_11:31:35,83.6654
0906_11:31:35,83.6654
0906_11:31:35,83.6641
0906_11:31:35,83.6655
0906_11:31:35,83.6661
0906_11:31:35,83.6662
0906_11:31:35,83.6651
0906_11:31:36,83.6664
0906_11:31:36,83.6664
0906_11:31:36,83.6659
0906_11:31:36,83.6656
0906_11:31:36,83.6653
0906_11:31:36,83.6652
0906_11:31:36,83.6645
0906_11:31:36,83.6667
0906_11:31:37,83.6658
0906_11:31:37,83.6647
0906_11:31:37,83.665
0906_11:31:37,83.6637
0906_11:31:37,83.6587
0906_11:31:37,83.6579
0906_11:31:37,83.6573
0906_11:31:37,83.6553
0906_11:31:38,83.6553
0906_11:31:38,83.6557
0906_11:31:38,83.6583
0906_11:31:38,83.6595
0906_11:31:38,83.6581
0906_11:31:38,83.659
0906_11:31:38,83.6623
0906_11:31:38,83.6553
0906_11:31:39,83.6511
0906_11:31:39,83.649
0906_11:31:39,83.652
0906_11:31:39,83.652
0906_11:31:39,83.6508
0906_11:31:39,83.6534
0906_11:31:39,83.6525
0906_11:31:39,83.652
0906_11:31:40,83.6543
0906_11:31:40,83.6551
0906_11:31:40,83.6555
0906_11:31:40,83.655
0906_11:31:40,83.6563
0906_11:31:40,83.6552
0906_11:31:40,83.6543
0906_11:31:40,83.6555
0906_11:31:41,83.6555
0906_11:31:41,83.6539
0906_11:31:41,83.6533
0906_11:31:41,83.6549
0906_11:31:41,83.6539
0906_11:31:41,83.6536
0906_11:31:41,83.6552
0906_11:31:41,83.6536
0906_11:31:42,83.6555
0906_11:31:42,83.6551
0906_11:31:42,83.6536
0906_11:31:42,83.6534
0906_11:31:42,83.6533
0906_11:31:42,83.655
0906_11:31:42,83.6556
0906_11:31:42,83.6537
0906_11:31:43,83.6524
0906_11:31:43,83.6541
0906_11:31:43,83.6546
0906_11:31:43,83.655
0906_11:31:43,83.6562
0906_11:31:43,83.6537
0906_11:31:43,83.6534
0906_11:31:43,83.6551
0906_11:31:44,83.6537
0906_11:31:44,83.6548
0906_11:31:44,83.6552
0906_11:31:44,83.6558
0906_11:31:44,83.655
0906_11:31:44,83.6551
0906_11:31:44,83.6554
0906_11:31:44,83.6563
0906_11:31:45,83.6549
0906_11:31:45,83.6544
0906_11:31:45,83.6547
0906_11:31:45,83.6537
0906_11:31:45,83.6539
0906_11:31:45,83.653
0906_11:31:45,83.6506
